{
  "project_info": {
    "project_number": "256086254972",
    "firebase_url": "https://clagroup-2b7a8-default-rtdb.firebaseio.com",
    "project_id": "clagroup-2b7a8",
    "storage_bucket": "clagroup-2b7a8.appspot.com"
  },
  "client": [
    {
      "client_info": {
        "mobilesdk_app_id": "1:256086254972:android:b68b0a74c2a1ddf34530f9",
        "android_client_info": {
          "package_name": "com.CLAGroup.cowhandler"
        }
      },
      "oauth_client": [
        {
          "client_id": "256086254972-lfhjrmnt2f88nhihskmn1nqceq8fkkkn.apps.googleusercontent.com",
          "client_type": 3
        }
      ],
      "api_key": [
        {
          "current_key": "AIzaSyAUC31II7MHiYnU-hmLq8w0nxkKSSnWlH8"
        }
      ],
      "services": {
        "appinvite_service": {
          "other_platform_oauth_client": [
            {
              "client_id": "256086254972-lfhjrmnt2f88nhihskmn1nqceq8fkkkn.apps.googleusercontent.com",
              "client_type": 3
            }
          ]
        }
      }
    }
  ],
  "configuration_version": "1"
}